Date,Region,Salesperson,Product,Sales Amount
2024-01-01,South,Bob,Monitor,1501.11
2024-01-01,North,Charlie,Monitor,1956.31
2024-01-01,North,Bob,Monitor,813.39
2024-01-01,West,Charlie,Phone,1730.24
2024-01-01,North,Fiona,Printer,989.33
2024-01-01,South,Fiona,Printer,1084.22
2024-01-02,East,Alice,Monitor,761.38
2024-01-02,East,Charlie,Tablet,1061.32
2024-01-02,South,Evan,Phone,1485.76
2024-01-03,West,Evan,Monitor,257.2
2024-01-04,East,Bob,Printer,432.73
2024-01-04,North,Diana,Laptop,1357.17
2024-01-04,East,Fiona,Phone,1801.16
2024-01-04,North,Bob,Printer,147.87
2024-01-05,East,Alice,Monitor,134.44
2024-01-05,South,Diana,Laptop,414.92
2024-01-05,South,Bob,Printer,1777.54
2024-01-05,East,Evan,Printer,515.56
2024-01-05,East,Bob,Monitor,608.06
2024-01-06,South,Charlie,Printer,1138.22
2024-01-06,North,Bob,Printer,1806.05
2024-01-06,East,Fiona,Tablet,723.64
2024-01-06,West,Evan,Printer,265.33
2024-01-07,West,Diana,Monitor,394.36
2024-01-07,West,Evan,Tablet,371.4
2024-01-08,East,Diana,Laptop,1541.56
2024-01-08,East,Fiona,Laptop,863.59
2024-01-08,West,Evan,Printer,1948.85
2024-01-09,West,Fiona,Laptop,903.0
2024-01-09,East,Diana,Phone,319.25
2024-01-09,North,Charlie,Monitor,1198.77
2024-01-10,North,Bob,Printer,1884.23
2024-01-10,East,Evan,Printer,480.54
2024-01-12,East,Evan,Tablet,1994.75
2024-01-12,West,Diana,Monitor,1552.44
2024-01-12,West,Diana,Phone,1510.28
2024-01-13,East,Charlie,Phone,1605.93
2024-01-13,East,Charlie,Tablet,1367.7
2024-01-13,North,Charlie,Monitor,1375.81
2024-01-13,South,Bob,Monitor,1386.19
2024-01-14,North,Diana,Phone,1528.32
2024-01-14,North,Bob,Printer,379.15
2024-01-14,North,Alice,Tablet,587.28
2024-01-14,West,Diana,Phone,1568.55
2024-01-15,East,Fiona,Monitor,528.22
2024-01-15,South,Diana,Printer,373.75
2024-01-15,North,Evan,Printer,1606.97
2024-01-16,South,Evan,Laptop,1366.28
2024-01-17,East,Evan,Phone,1943.49
2024-01-18,West,Bob,Phone,575.89
2024-01-19,East,Evan,Monitor,414.04
2024-01-19,East,Fiona,Printer,836.87
2024-01-20,North,Alice,Phone,653.78
2024-01-20,South,Alice,Phone,226.28
2024-01-20,West,Alice,Monitor,292.61
2024-01-21,North,Charlie,Printer,891.36
2024-01-21,North,Alice,Monitor,981.78
2024-01-22,West,Fiona,Monitor,1737.21
2024-01-22,South,Diana,Phone,1791.41
2024-01-22,North,Evan,Monitor,1783.58
2024-01-23,West,Alice,Printer,1705.26
2024-01-23,North,Evan,Phone,1872.15
2024-01-25,East,Evan,Phone,1738.19
2024-01-25,South,Alice,Laptop,1086.53
2024-01-25,East,Evan,Phone,1477.51
2024-01-26,East,Alice,Monitor,291.86
2024-01-26,South,Alice,Printer,1605.93
2024-01-26,West,Bob,Monitor,810.45
2024-01-27,North,Alice,Monitor,1481.41
2024-01-28,West,Fiona,Laptop,409.13
2024-01-28,West,Alice,Phone,775.11
2024-01-28,South,Alice,Tablet,614.79
2024-01-28,East,Evan,Monitor,1026.89
2024-01-28,West,Alice,Phone,1444.67
2024-01-29,West,Diana,Printer,1964.24
2024-01-29,North,Charlie,Monitor,1606.24
2024-01-30,East,Alice,Phone,1387.31
2024-01-31,North,Diana,Printer,1185.39
2024-02-02,South,Fiona,Monitor,950.58
2024-02-02,South,Alice,Monitor,1419.73
2024-02-02,North,Diana,Monitor,221.61
2024-02-03,South,Evan,Monitor,1439.76
2024-02-03,North,Evan,Laptop,1283.0
2024-02-03,North,Charlie,Tablet,1509.12
2024-02-03,East,Evan,Printer,142.61
2024-02-04,South,Fiona,Monitor,1661.48
2024-02-04,North,Fiona,Printer,1694.09
2024-02-04,North,Diana,Phone,1633.23
2024-02-04,East,Bob,Printer,604.61
2024-02-04,East,Evan,Laptop,404.88
2024-02-05,North,Fiona,Phone,1615.69
2024-02-05,West,Bob,Printer,894.83
2024-02-05,South,Alice,Printer,461.2
2024-02-05,North,Bob,Monitor,1060.7
2024-02-06,South,Alice,Monitor,1509.6
2024-02-06,South,Charlie,Printer,1055.95
2024-02-06,West,Evan,Laptop,1059.11
2024-02-07,West,Alice,Monitor,470.96
2024-02-07,East,Bob,Phone,1025.8
2024-02-08,North,Diana,Monitor,694.28
2024-02-08,South,Fiona,Printer,544.99
2024-02-08,North,Bob,Tablet,1626.72
2024-02-08,North,Fiona,Printer,1378.46
2024-02-08,South,Charlie,Tablet,907.93
2024-02-08,South,Fiona,Phone,1402.34
2024-02-08,West,Alice,Laptop,973.21
2024-02-09,East,Charlie,Monitor,371.7
2024-02-10,North,Charlie,Monitor,558.85
2024-02-10,South,Alice,Tablet,1791.27
2024-02-10,East,Alice,Tablet,243.65
2024-02-11,North,Charlie,Printer,1270.97
2024-02-11,North,Evan,Laptop,1733.61
2024-02-11,East,Alice,Laptop,559.76
2024-02-12,South,Evan,Phone,1580.29
2024-02-12,North,Alice,Phone,1033.08
2024-02-13,North,Fiona,Phone,1566.09
2024-02-13,West,Fiona,Tablet,1861.51
2024-02-13,North,Diana,Tablet,144.83
2024-02-13,South,Fiona,Monitor,807.81
2024-02-14,South,Bob,Monitor,1464.83
2024-02-15,South,Alice,Monitor,1652.54
2024-02-15,West,Charlie,Tablet,827.32
2024-02-15,South,Evan,Monitor,1805.0
2024-02-16,South,Charlie,Tablet,1259.01
2024-02-16,East,Evan,Printer,1953.15
2024-02-16,East,Bob,Printer,614.53
2024-02-16,East,Alice,Printer,1556.38
2024-02-16,North,Bob,Phone,1826.03
2024-02-17,East,Diana,Tablet,535.79
2024-02-17,South,Fiona,Laptop,1837.64
2024-02-17,East,Charlie,Laptop,355.12
2024-02-18,West,Alice,Tablet,1437.03
2024-02-18,South,Fiona,Tablet,311.87
2024-02-19,North,Diana,Monitor,1568.97
2024-02-20,West,Diana,Monitor,136.72
2024-02-20,West,Charlie,Monitor,1995.49
2024-02-20,East,Evan,Tablet,1253.01
2024-02-20,East,Evan,Laptop,1959.2
2024-02-20,South,Fiona,Phone,1501.98
2024-02-20,South,Fiona,Tablet,417.98
2024-02-21,West,Evan,Printer,1792.63
2024-02-21,West,Diana,Tablet,1596.34
2024-02-21,East,Fiona,Printer,1964.17
2024-02-22,West,Diana,Monitor,929.57
2024-02-22,East,Diana,Monitor,573.12
2024-02-22,North,Alice,Phone,1238.18
2024-02-22,East,Charlie,Phone,132.2
2024-02-22,North,Diana,Monitor,1891.18
2024-02-22,North,Fiona,Printer,1254.73
2024-02-22,North,Diana,Monitor,1368.75
2024-02-23,West,Bob,Tablet,366.62
2024-02-23,East,Alice,Printer,806.3
2024-02-23,North,Charlie,Printer,168.44
2024-02-23,East,Fiona,Monitor,1690.53
2024-02-23,East,Alice,Laptop,1907.7
2024-02-23,East,Alice,Phone,1632.72
2024-02-23,South,Evan,Monitor,1682.38
2024-02-24,North,Evan,Tablet,885.92
2024-02-25,West,Alice,Laptop,541.76
2024-02-25,North,Fiona,Phone,261.7
2024-02-26,West,Alice,Tablet,842.96
2024-02-27,East,Alice,Tablet,1821.57
2024-02-27,West,Alice,Laptop,458.23
2024-02-27,East,Fiona,Printer,1939.33
2024-02-27,West,Fiona,Tablet,765.99
2024-02-27,South,Bob,Monitor,610.21
2024-02-27,West,Diana,Monitor,875.49
2024-02-28,South,Charlie,Laptop,1080.14
2024-02-29,West,Bob,Phone,102.8
2024-02-29,East,Charlie,Printer,1284.93
2024-03-01,South,Fiona,Monitor,904.34
2024-03-01,West,Bob,Phone,991.3
2024-03-02,East,Alice,Phone,1920.07
2024-03-02,West,Charlie,Tablet,574.37
2024-03-02,South,Charlie,Printer,1379.93
2024-03-02,South,Diana,Laptop,569.95
2024-03-03,South,Bob,Printer,837.51
2024-03-03,North,Diana,Laptop,474.16
2024-03-03,North,Alice,Monitor,758.4
2024-03-03,West,Evan,Laptop,921.46
2024-03-05,South,Evan,Phone,367.53
2024-03-05,West,Evan,Phone,671.99
2024-03-05,West,Bob,Tablet,1357.74
2024-03-06,North,Charlie,Tablet,839.54
2024-03-06,East,Alice,Phone,407.18
2024-03-07,South,Evan,Phone,1122.24
2024-03-08,East,Fiona,Laptop,801.63
2024-03-08,South,Diana,Printer,696.36
2024-03-09,South,Charlie,Phone,300.16
2024-03-09,North,Diana,Laptop,440.78
2024-03-09,East,Evan,Laptop,507.37
2024-03-09,East,Charlie,Monitor,1219.96
2024-03-10,North,Fiona,Printer,1021.68
2024-03-10,West,Diana,Monitor,1150.06
2024-03-12,West,Bob,Phone,1175.74
2024-03-12,South,Diana,Laptop,199.47
2024-03-13,North,Alice,Laptop,218.55
2024-03-14,South,Bob,Laptop,1250.71
2024-03-15,North,Charlie,Tablet,1612.26
2024-03-15,South,Evan,Laptop,1117.55
2024-03-15,North,Diana,Monitor,1222.21
2024-03-15,East,Charlie,Monitor,534.86
2024-03-16,North,Fiona,Phone,1456.7
2024-03-16,East,Bob,Printer,1078.37
2024-03-16,South,Charlie,Phone,1111.76
2024-03-18,East,Evan,Phone,1521.55
2024-03-18,South,Bob,Phone,1380.59
2024-03-18,West,Diana,Phone,1949.43
2024-03-20,North,Fiona,Monitor,115.89
2024-03-21,West,Charlie,Phone,657.29
2024-03-21,South,Bob,Monitor,593.82
2024-03-21,East,Charlie,Phone,1050.68
2024-03-21,West,Evan,Phone,464.03
2024-03-22,South,Fiona,Monitor,1612.86
2024-03-23,South,Fiona,Printer,280.34
2024-03-23,West,Bob,Laptop,786.67
2024-03-24,North,Diana,Monitor,440.58
2024-03-25,South,Fiona,Printer,720.61
2024-03-26,West,Alice,Phone,1956.89
2024-03-26,North,Evan,Phone,1767.19
2024-03-26,North,Alice,Tablet,208.26
2024-03-28,South,Bob,Printer,997.34
2024-03-29,East,Alice,Laptop,692.54
2024-03-29,East,Fiona,Laptop,924.64
2024-03-30,North,Alice,Tablet,985.97
2024-03-30,East,Bob,Phone,1199.73
2024-03-30,North,Diana,Tablet,1362.02
2024-03-30,South,Fiona,Phone,1401.76
2024-03-31,East,Bob,Monitor,1776.86
2024-04-01,East,Evan,Phone,1352.19
2024-04-01,South,Alice,Tablet,1392.21
2024-04-01,South,Alice,Laptop,1633.6
2024-04-01,West,Alice,Printer,228.25
2024-04-02,East,Fiona,Monitor,1646.84
2024-04-02,West,Charlie,Tablet,198.78
2024-04-03,West,Alice,Laptop,1760.74
2024-04-03,North,Evan,Laptop,570.36
2024-04-04,South,Evan,Monitor,1589.1
2024-04-04,North,Bob,Laptop,878.38
2024-04-04,West,Charlie,Tablet,1150.14
2024-04-04,South,Fiona,Laptop,1028.14
2024-04-04,South,Bob,Tablet,515.55
2024-04-05,North,Fiona,Laptop,1122.83
2024-04-05,West,Diana,Printer,1533.1
2024-04-05,South,Bob,Monitor,1182.13
2024-04-05,West,Bob,Printer,923.81
2024-04-05,East,Alice,Phone,1888.13
2024-04-06,South,Diana,Phone,493.44
2024-04-06,North,Fiona,Laptop,822.98
2024-04-07,East,Fiona,Laptop,1991.7
2024-04-07,East,Bob,Laptop,1223.15
2024-04-07,East,Bob,Laptop,1158.94
2024-04-08,South,Alice,Laptop,1051.15
2024-04-08,South,Diana,Monitor,203.81
2024-04-08,North,Fiona,Printer,853.45
2024-04-08,South,Evan,Phone,718.06
2024-04-08,South,Bob,Printer,522.49
2024-04-08,North,Bob,Laptop,773.41
2024-04-08,East,Diana,Printer,1209.17
2024-04-08,West,Fiona,Laptop,1937.37
2024-04-08,West,Diana,Tablet,1367.01
2024-04-09,West,Bob,Printer,254.18
2024-04-09,North,Diana,Printer,1502.04
2024-04-09,North,Bob,Phone,1772.3
2024-04-09,East,Charlie,Monitor,1465.61
2024-04-10,East,Bob,Phone,655.53
2024-04-10,North,Evan,Laptop,872.93
2024-04-10,West,Charlie,Tablet,1347.6
2024-04-10,West,Evan,Laptop,664.85
2024-04-10,East,Alice,Laptop,1138.5
2024-04-12,North,Alice,Printer,1662.14
2024-04-12,West,Evan,Laptop,128.71
2024-04-12,South,Charlie,Printer,969.63
2024-04-12,South,Evan,Printer,1234.02
2024-04-13,North,Bob,Tablet,229.87
2024-04-13,West,Charlie,Laptop,249.07
2024-04-14,South,Diana,Laptop,649.46
2024-04-14,North,Fiona,Printer,174.06
2024-04-15,South,Fiona,Phone,1889.21
2024-04-15,North,Evan,Laptop,394.17
2024-04-15,East,Evan,Tablet,102.57
2024-04-16,South,Evan,Monitor,802.65
2024-04-16,West,Bob,Tablet,234.97
2024-04-17,South,Diana,Tablet,1332.16
2024-04-17,West,Diana,Phone,1173.66
2024-04-18,North,Alice,Laptop,517.15
2024-04-18,North,Fiona,Monitor,1979.96
2024-04-20,East,Charlie,Tablet,1029.85
2024-04-20,South,Fiona,Monitor,1429.32
2024-04-20,West,Charlie,Phone,805.79
2024-04-20,South,Diana,Monitor,1035.88
2024-04-20,West,Diana,Printer,1020.62
2024-04-21,South,Diana,Monitor,1583.2
2024-04-21,South,Fiona,Laptop,807.13
2024-04-21,East,Fiona,Tablet,537.79
2024-04-21,West,Fiona,Laptop,1215.18
2024-04-22,East,Fiona,Tablet,556.76
2024-04-22,East,Bob,Printer,781.3
2024-04-22,West,Evan,Laptop,1196.53
2024-04-22,East,Fiona,Printer,1542.66
2024-04-22,West,Evan,Monitor,494.33
2024-04-22,North,Bob,Phone,1355.93
2024-04-22,North,Charlie,Printer,293.43
2024-04-23,South,Diana,Tablet,646.5
2024-04-23,East,Charlie,Printer,1078.51
2024-04-24,West,Alice,Tablet,309.82
2024-04-25,West,Diana,Phone,1484.84
2024-04-25,South,Bob,Printer,1744.06
2024-04-25,South,Alice,Phone,847.07
2024-04-26,West,Charlie,Phone,580.89
2024-04-26,South,Alice,Phone,710.21
2024-04-27,West,Alice,Monitor,514.59
2024-04-27,North,Diana,Phone,1552.27
2024-04-27,East,Diana,Laptop,767.32
2024-04-27,North,Charlie,Laptop,1521.93
2024-04-28,West,Charlie,Monitor,1231.08
2024-04-28,East,Charlie,Printer,619.92
2024-04-29,East,Charlie,Laptop,1971.23
2024-04-29,North,Fiona,Monitor,485.0
2024-04-30,North,Alice,Monitor,1711.28
2024-04-30,West,Diana,Phone,1652.25
2024-05-01,North,Alice,Printer,1234.6
2024-05-01,West,Fiona,Monitor,260.67
2024-05-01,East,Charlie,Tablet,1064.83
2024-05-01,South,Alice,Phone,1377.67
2024-05-01,East,Charlie,Tablet,914.99
2024-05-01,West,Fiona,Tablet,1715.66
2024-05-02,North,Diana,Printer,896.95
2024-05-03,West,Evan,Monitor,231.11
2024-05-03,East,Charlie,Phone,301.22
2024-05-04,North,Fiona,Tablet,602.12
2024-05-05,South,Bob,Phone,1129.35
2024-05-05,East,Fiona,Phone,422.48
2024-05-05,West,Charlie,Phone,895.35
2024-05-05,East,Fiona,Laptop,1905.87
2024-05-05,North,Diana,Printer,1813.37
2024-05-05,East,Charlie,Phone,275.99
2024-05-06,North,Alice,Monitor,858.17
2024-05-06,South,Bob,Tablet,734.69
2024-05-06,South,Alice,Tablet,668.83
2024-05-07,South,Fiona,Monitor,1613.69
2024-05-07,South,Diana,Tablet,1849.89
2024-05-07,West,Diana,Laptop,778.36
2024-05-07,South,Diana,Tablet,636.7
2024-05-08,West,Alice,Phone,1641.14
2024-05-08,North,Alice,Phone,1695.62
2024-05-08,North,Evan,Phone,1554.54
2024-05-09,North,Alice,Monitor,1205.08
2024-05-09,West,Diana,Printer,519.62
2024-05-10,West,Bob,Laptop,804.79
2024-05-10,East,Bob,Tablet,922.35
2024-05-10,East,Bob,Monitor,1254.73
2024-05-10,West,Diana,Tablet,1108.78
2024-05-11,East,Charlie,Printer,1660.64
2024-05-12,West,Bob,Tablet,1127.72
2024-05-12,East,Diana,Monitor,1412.68
2024-05-12,West,Evan,Monitor,644.39
2024-05-12,North,Alice,Monitor,1811.83
2024-05-12,West,Diana,Phone,388.89
2024-05-13,North,Bob,Phone,518.96
2024-05-13,South,Bob,Laptop,1317.17
2024-05-13,North,Bob,Phone,518.21
2024-05-14,East,Diana,Phone,1457.22
2024-05-14,East,Charlie,Monitor,118.86
2024-05-14,North,Diana,Laptop,218.19
2024-05-15,North,Alice,Laptop,1301.54
2024-05-15,West,Diana,Tablet,1165.29
2024-05-15,West,Evan,Tablet,1308.31
2024-05-16,South,Fiona,Phone,1358.62
2024-05-16,South,Bob,Phone,642.84
2024-05-17,West,Diana,Monitor,1332.41
2024-05-18,West,Evan,Monitor,1234.13
2024-05-18,South,Fiona,Phone,1380.85
2024-05-19,South,Evan,Phone,1359.79
2024-05-19,South,Charlie,Monitor,552.48
2024-05-20,South,Diana,Laptop,491.88
2024-05-20,North,Fiona,Laptop,227.25
2024-05-21,West,Diana,Laptop,1545.09
2024-05-21,South,Diana,Laptop,920.84
2024-05-22,South,Fiona,Monitor,1625.7
2024-05-22,West,Charlie,Phone,1962.7
2024-05-22,West,Bob,Monitor,238.85
2024-05-23,North,Alice,Tablet,1724.56
2024-05-23,East,Diana,Printer,773.12
2024-05-23,North,Diana,Printer,677.98
2024-05-23,South,Evan,Phone,478.61
2024-05-23,South,Evan,Tablet,1278.9
2024-05-23,West,Evan,Phone,209.69
2024-05-23,West,Evan,Monitor,1745.58
2024-05-24,South,Fiona,Phone,1824.89
2024-05-24,East,Fiona,Laptop,1777.69
2024-05-24,West,Bob,Phone,118.96
2024-05-24,South,Charlie,Tablet,1191.15
2024-05-24,East,Fiona,Phone,1997.9
2024-05-25,North,Diana,Printer,1754.0
2024-05-25,South,Fiona,Phone,1648.39
2024-05-25,North,Diana,Tablet,1790.09
2024-05-26,South,Diana,Printer,830.27
2024-05-26,West,Fiona,Tablet,1453.98
2024-05-26,North,Evan,Tablet,1210.45
2024-05-26,North,Diana,Printer,1142.0
2024-05-26,West,Charlie,Printer,1565.13
2024-05-26,North,Alice,Tablet,1499.42
2024-05-27,East,Charlie,Printer,1343.84
2024-05-27,South,Diana,Monitor,226.47
2024-05-27,East,Diana,Tablet,1688.07
2024-05-28,East,Charlie,Tablet,1446.65
2024-05-29,South,Diana,Laptop,490.13
2024-05-29,East,Bob,Laptop,1030.29
2024-05-29,West,Evan,Phone,661.07
2024-05-30,South,Diana,Phone,1280.46
2024-05-30,East,Evan,Tablet,566.17
2024-05-30,East,Charlie,Phone,1625.34
2024-05-30,East,Bob,Laptop,294.88
2024-05-30,North,Charlie,Monitor,891.48
2024-05-31,North,Fiona,Tablet,1387.85
2024-05-31,West,Fiona,Phone,447.39
2024-05-31,West,Evan,Phone,1765.01
2024-05-31,East,Diana,Phone,940.84
2024-05-31,East,Bob,Tablet,1545.92
2024-05-31,East,Fiona,Monitor,1813.69
2024-06-01,South,Evan,Phone,1438.65
2024-06-01,West,Evan,Monitor,1909.22
2024-06-02,North,Diana,Monitor,273.64
2024-06-02,East,Alice,Tablet,1637.14
2024-06-02,South,Alice,Printer,1343.25
2024-06-03,East,Bob,Printer,1492.13
2024-06-03,East,Fiona,Printer,774.36
2024-06-04,East,Fiona,Laptop,1825.63
2024-06-05,East,Diana,Tablet,794.79
2024-06-06,West,Charlie,Laptop,1895.0
2024-06-06,North,Diana,Tablet,1633.43
2024-06-06,North,Evan,Monitor,1439.25
2024-06-08,North,Fiona,Printer,1712.01
2024-06-08,North,Diana,Phone,802.19
2024-06-08,South,Evan,Phone,1541.67
2024-06-08,West,Charlie,Printer,1440.38
2024-06-08,West,Evan,Laptop,1825.01
2024-06-08,South,Evan,Printer,160.31
2024-06-08,South,Fiona,Laptop,845.67
2024-06-09,West,Bob,Laptop,651.09
2024-06-09,West,Diana,Printer,1066.89
2024-06-09,South,Alice,Tablet,1533.07
2024-06-09,East,Evan,Monitor,1455.09
2024-06-10,South,Evan,Monitor,127.32
2024-06-10,West,Charlie,Monitor,1807.27
2024-06-11,South,Fiona,Tablet,1423.22
2024-06-11,South,Bob,Printer,1878.93
2024-06-11,West,Bob,Laptop,1542.11
2024-06-11,North,Fiona,Printer,755.87
2024-06-12,West,Evan,Phone,1789.34
2024-06-12,West,Evan,Tablet,1628.54
2024-06-12,North,Fiona,Phone,1599.66
2024-06-13,East,Fiona,Tablet,1195.73
2024-06-13,West,Fiona,Printer,231.19
2024-06-13,North,Diana,Printer,648.88
2024-06-14,North,Charlie,Monitor,964.05
2024-06-15,South,Charlie,Laptop,1086.16
2024-06-15,South,Evan,Phone,1724.45
2024-06-16,North,Diana,Printer,1055.0
2024-06-16,West,Evan,Tablet,844.53
2024-06-17,East,Bob,Printer,1076.32
2024-06-18,East,Alice,Phone,1246.91
2024-06-18,North,Alice,Tablet,501.34
2024-06-18,South,Alice,Printer,1801.78
2024-06-18,South,Evan,Tablet,731.67
2024-06-18,North,Charlie,Phone,608.43
2024-06-18,North,Alice,Tablet,1006.11
2024-06-19,West,Bob,Printer,1282.45
2024-06-20,North,Diana,Phone,931.56
2024-06-20,East,Alice,Laptop,1202.17
2024-06-20,North,Charlie,Tablet,185.33
2024-06-20,South,Fiona,Phone,1391.28
2024-06-21,West,Bob,Printer,1291.92
2024-06-21,South,Alice,Monitor,230.56
2024-06-21,South,Bob,Printer,486.6
2024-06-21,South,Alice,Phone,982.05
2024-06-21,North,Bob,Phone,1526.79
2024-06-21,West,Alice,Laptop,558.84
2024-06-22,East,Diana,Laptop,198.49
2024-06-22,West,Fiona,Monitor,1414.94
2024-06-23,North,Diana,Phone,740.96
2024-06-24,East,Evan,Monitor,922.26
2024-06-24,South,Alice,Printer,1485.06
2024-06-25,West,Alice,Laptop,720.81
2024-06-25,South,Charlie,Laptop,562.45
2024-06-25,North,Charlie,Printer,456.67
2024-06-25,East,Alice,Monitor,103.79
2024-06-26,East,Charlie,Laptop,1333.71
2024-06-26,North,Charlie,Printer,1461.15
2024-06-27,South,Evan,Printer,1925.19
2024-06-27,East,Fiona,Phone,1667.01
2024-06-28,West,Alice,Printer,1940.22
2024-06-28,West,Charlie,Phone,230.07
2024-06-28,East,Fiona,Printer,962.58
2024-06-28,East,Bob,Printer,628.9
2024-06-28,South,Evan,Tablet,1906.76
2024-06-29,North,Bob,Monitor,1923.74
2024-06-29,South,Alice,Tablet,1620.01
2024-06-30,West,Diana,Laptop,448.54
2024-07-01,West,Charlie,Printer,1925.75
2024-07-01,South,Diana,Tablet,1731.75
2024-07-02,North,Diana,Monitor,623.05
2024-07-02,East,Diana,Tablet,1795.86
2024-07-02,West,Evan,Monitor,1187.95
2024-07-03,West,Bob,Tablet,1503.57
2024-07-04,West,Evan,Phone,397.31
2024-07-04,West,Evan,Laptop,903.18
2024-07-04,West,Evan,Laptop,1158.07
2024-07-05,East,Charlie,Tablet,1924.26
2024-07-05,West,Bob,Phone,751.03
2024-07-05,South,Alice,Laptop,1844.65
2024-07-05,North,Bob,Printer,323.35
2024-07-05,South,Bob,Laptop,1887.49
2024-07-06,South,Charlie,Printer,1687.41
2024-07-06,North,Diana,Monitor,350.26
2024-07-06,South,Fiona,Phone,1929.26
2024-07-07,East,Evan,Phone,1558.38
2024-07-07,West,Fiona,Monitor,1474.55
2024-07-08,South,Bob,Phone,855.46
2024-07-08,North,Alice,Tablet,846.19
2024-07-08,South,Fiona,Laptop,568.55
2024-07-08,North,Fiona,Phone,1305.29
2024-07-08,East,Fiona,Laptop,820.28
2024-07-08,South,Evan,Laptop,923.6
2024-07-09,North,Diana,Phone,398.82
2024-07-09,East,Evan,Printer,1994.65
2024-07-09,North,Fiona,Phone,1950.97
2024-07-10,East,Evan,Monitor,1285.6
2024-07-10,North,Bob,Printer,121.69
2024-07-10,South,Diana,Printer,907.22
2024-07-10,South,Alice,Printer,1836.2
2024-07-10,East,Alice,Laptop,1325.18
2024-07-10,North,Alice,Printer,117.2
2024-07-10,East,Charlie,Phone,1863.55
2024-07-12,North,Fiona,Phone,663.46
2024-07-12,South,Alice,Tablet,896.62
2024-07-12,West,Fiona,Printer,600.17
2024-07-13,South,Bob,Printer,1226.4
2024-07-13,East,Evan,Monitor,1850.48
2024-07-13,North,Charlie,Phone,977.26
2024-07-14,West,Evan,Laptop,688.63
2024-07-14,South,Fiona,Monitor,1933.53
2024-07-15,West,Evan,Printer,1415.48
2024-07-15,West,Alice,Monitor,1787.42
2024-07-16,East,Alice,Phone,536.67
2024-07-16,North,Bob,Printer,1013.69
2024-07-16,East,Alice,Printer,453.66
2024-07-16,South,Bob,Laptop,636.74
2024-07-17,North,Fiona,Laptop,1764.18
2024-07-19,East,Bob,Tablet,1063.41
2024-07-19,South,Bob,Tablet,235.2
2024-07-19,West,Fiona,Monitor,379.88
2024-07-20,North,Diana,Laptop,256.32
2024-07-20,South,Charlie,Monitor,985.99
2024-07-20,East,Evan,Tablet,1588.08
2024-07-20,North,Alice,Laptop,227.79
2024-07-21,West,Bob,Monitor,1754.27
2024-07-21,East,Evan,Laptop,1898.27
2024-07-21,West,Diana,Phone,1357.2
2024-07-22,East,Diana,Monitor,971.99
2024-07-23,North,Diana,Tablet,1691.0
2024-07-23,South,Fiona,Phone,176.67
2024-07-24,East,Alice,Monitor,136.35
2024-07-24,North,Diana,Laptop,133.35
2024-07-25,West,Fiona,Monitor,1537.79
2024-07-25,North,Alice,Monitor,1964.27
2024-07-25,South,Evan,Monitor,1616.76
2024-07-26,East,Diana,Tablet,445.07
2024-07-26,South,Evan,Phone,294.78
2024-07-26,West,Fiona,Laptop,1000.24
2024-07-30,East,Diana,Monitor,457.05
2024-07-30,East,Charlie,Laptop,1849.41
2024-07-30,North,Alice,Phone,1576.39
2024-07-31,South,Evan,Laptop,513.57
2024-07-31,North,Fiona,Phone,1520.14
2024-08-01,West,Alice,Tablet,346.39
2024-08-01,East,Fiona,Monitor,621.94
2024-08-01,North,Evan,Laptop,1719.84
2024-08-02,East,Alice,Phone,315.28
2024-08-02,North,Charlie,Tablet,502.79
2024-08-02,West,Charlie,Phone,224.82
2024-08-02,West,Bob,Printer,233.93
2024-08-02,South,Evan,Phone,1434.08
2024-08-03,East,Diana,Tablet,218.87
2024-08-03,West,Alice,Printer,1106.35
2024-08-04,East,Charlie,Printer,159.18
2024-08-04,South,Diana,Tablet,1983.52
2024-08-04,East,Bob,Monitor,1418.5
2024-08-04,South,Fiona,Monitor,778.08
2024-08-04,South,Diana,Laptop,1731.65
2024-08-04,South,Evan,Phone,1117.75
2024-08-05,North,Fiona,Printer,1081.73
2024-08-05,South,Charlie,Monitor,1492.19
2024-08-05,South,Alice,Phone,946.53
2024-08-05,West,Alice,Laptop,983.52
2024-08-05,North,Bob,Phone,1709.42
2024-08-07,North,Diana,Printer,571.91
2024-08-07,North,Bob,Monitor,246.25
2024-08-07,South,Alice,Printer,484.28
2024-08-07,South,Bob,Tablet,173.97
2024-08-07,East,Charlie,Laptop,839.87
2024-08-07,South,Bob,Tablet,1705.73
2024-08-07,North,Bob,Tablet,546.45
2024-08-08,East,Alice,Laptop,426.22
2024-08-09,South,Fiona,Tablet,593.13
2024-08-09,East,Bob,Printer,1170.45
2024-08-09,West,Charlie,Printer,1629.67
2024-08-10,South,Evan,Monitor,798.04
2024-08-10,North,Bob,Laptop,1186.32
2024-08-10,South,Fiona,Phone,414.92
2024-08-10,South,Diana,Monitor,805.11
2024-08-10,South,Bob,Phone,889.97
2024-08-11,West,Bob,Printer,1151.41
2024-08-11,North,Evan,Tablet,1746.86
2024-08-11,West,Diana,Monitor,470.45
2024-08-11,East,Fiona,Laptop,1578.25
2024-08-12,South,Evan,Printer,636.71
2024-08-12,West,Bob,Tablet,521.94
2024-08-12,North,Fiona,Printer,176.11
2024-08-12,East,Evan,Phone,855.89
2024-08-13,North,Bob,Monitor,749.62
2024-08-13,West,Alice,Printer,1167.94
2024-08-13,North,Diana,Laptop,473.2
2024-08-14,South,Bob,Printer,1910.35
2024-08-14,East,Alice,Printer,1060.47
2024-08-14,East,Diana,Phone,1568.34
2024-08-14,East,Diana,Monitor,973.36
2024-08-14,East,Alice,Monitor,417.91
2024-08-15,South,Diana,Tablet,470.82
2024-08-15,North,Charlie,Monitor,508.33
2024-08-16,North,Alice,Printer,1178.68
2024-08-16,East,Bob,Monitor,940.36
2024-08-16,North,Evan,Phone,1207.56
2024-08-16,West,Fiona,Laptop,110.1
2024-08-16,West,Bob,Laptop,811.64
2024-08-17,North,Charlie,Laptop,756.15
2024-08-17,North,Bob,Phone,740.69
2024-08-18,South,Evan,Tablet,1662.52
2024-08-18,North,Fiona,Printer,1990.16
2024-08-18,North,Bob,Printer,534.49
2024-08-18,West,Bob,Monitor,930.29
2024-08-18,South,Evan,Laptop,992.98
2024-08-20,West,Diana,Printer,1491.56
2024-08-20,South,Bob,Printer,1696.21
2024-08-20,West,Evan,Phone,1845.01
2024-08-20,East,Evan,Monitor,198.17
2024-08-20,East,Diana,Tablet,675.57
2024-08-20,East,Evan,Tablet,1625.02
2024-08-20,South,Fiona,Laptop,1209.06
2024-08-20,South,Bob,Tablet,281.26
2024-08-21,North,Evan,Phone,1987.18
2024-08-22,East,Alice,Phone,1050.21
2024-08-22,West,Bob,Monitor,136.38
2024-08-23,West,Fiona,Printer,798.79
2024-08-23,North,Diana,Printer,1277.1
2024-08-23,North,Charlie,Phone,1692.64
2024-08-24,North,Bob,Phone,591.55
2024-08-24,East,Bob,Tablet,1227.77
2024-08-24,South,Alice,Phone,209.9
2024-08-25,East,Charlie,Printer,674.6
2024-08-25,South,Diana,Phone,218.8
2024-08-25,South,Diana,Monitor,620.74
2024-08-26,South,Charlie,Laptop,1627.23
2024-08-26,North,Bob,Laptop,1882.13
2024-08-26,North,Fiona,Laptop,1545.62
2024-08-26,South,Diana,Phone,293.6
2024-08-26,East,Fiona,Monitor,1299.7
2024-08-27,West,Fiona,Monitor,1422.7
2024-08-27,South,Charlie,Printer,729.97
2024-08-27,West,Diana,Printer,1258.43
2024-08-28,North,Bob,Monitor,1452.27
2024-08-29,South,Alice,Laptop,1766.97
2024-08-29,North,Fiona,Tablet,1090.46
2024-08-29,North,Bob,Printer,612.07
2024-08-29,South,Bob,Tablet,403.04
2024-08-30,South,Diana,Monitor,1942.86
2024-08-30,South,Fiona,Printer,1090.77
2024-08-31,North,Evan,Monitor,1036.44
2024-09-02,South,Alice,Printer,642.94
2024-09-02,East,Diana,Printer,1271.89
2024-09-03,East,Fiona,Laptop,207.51
2024-09-03,North,Evan,Tablet,1861.54
2024-09-03,West,Diana,Phone,1297.47
2024-09-03,East,Bob,Laptop,559.84
2024-09-03,North,Diana,Phone,808.93
2024-09-03,East,Evan,Printer,770.8
2024-09-05,North,Evan,Laptop,1692.49
2024-09-05,South,Charlie,Printer,227.33
2024-09-05,West,Alice,Monitor,201.36
2024-09-05,South,Evan,Printer,1674.26
2024-09-06,West,Diana,Laptop,540.83
2024-09-06,East,Evan,Laptop,1849.46
2024-09-06,North,Charlie,Laptop,1134.08
2024-09-07,East,Fiona,Tablet,462.76
2024-09-07,South,Evan,Phone,1286.77
2024-09-08,South,Charlie,Phone,1019.58
2024-09-08,South,Bob,Laptop,529.64
2024-09-08,West,Diana,Phone,533.65
2024-09-08,South,Alice,Phone,1134.52
2024-09-08,South,Bob,Monitor,733.89
2024-09-08,North,Bob,Printer,1865.37
2024-09-08,East,Fiona,Laptop,731.16
2024-09-09,South,Charlie,Tablet,1353.07
2024-09-09,South,Bob,Laptop,646.08
2024-09-09,West,Fiona,Laptop,322.69
2024-09-09,North,Evan,Printer,935.51
2024-09-09,East,Alice,Laptop,594.45
2024-09-09,North,Evan,Printer,688.6
2024-09-10,North,Charlie,Phone,1693.13
2024-09-10,West,Fiona,Phone,526.16
2024-09-10,East,Evan,Tablet,1447.71
2024-09-11,East,Bob,Printer,497.45
2024-09-11,South,Evan,Printer,1203.81
2024-09-11,North,Diana,Phone,1582.69
2024-09-12,North,Diana,Printer,616.7
2024-09-12,East,Charlie,Phone,1755.69
2024-09-13,North,Diana,Phone,379.82
2024-09-13,East,Bob,Printer,183.41
2024-09-13,East,Charlie,Printer,610.82
2024-09-14,North,Fiona,Printer,571.93
2024-09-14,West,Alice,Monitor,1338.12
2024-09-15,West,Diana,Tablet,1285.11
2024-09-15,South,Fiona,Tablet,914.53
2024-09-15,South,Alice,Phone,1375.2
2024-09-15,East,Bob,Tablet,1640.67
2024-09-15,East,Fiona,Tablet,1668.29
2024-09-16,North,Alice,Printer,881.26
2024-09-16,South,Evan,Phone,669.62
2024-09-17,South,Charlie,Laptop,651.96
2024-09-18,North,Fiona,Monitor,576.7
2024-09-18,North,Diana,Printer,964.83
2024-09-19,North,Fiona,Monitor,1948.85
2024-09-20,South,Charlie,Laptop,1018.04
2024-09-20,East,Diana,Tablet,328.39
2024-09-20,East,Diana,Monitor,1775.21
2024-09-20,North,Alice,Monitor,625.01
2024-09-20,North,Evan,Monitor,274.93
2024-09-20,East,Diana,Printer,1727.42
2024-09-21,East,Alice,Laptop,406.59
2024-09-21,West,Bob,Tablet,1954.43
2024-09-23,East,Diana,Printer,267.93
2024-09-23,South,Alice,Phone,100.02
2024-09-24,South,Charlie,Monitor,1298.75
2024-09-24,West,Bob,Monitor,576.9
2024-09-24,North,Bob,Phone,943.45
2024-09-24,North,Evan,Tablet,173.98
2024-09-24,West,Evan,Laptop,468.34
2024-09-25,East,Alice,Monitor,1898.79
2024-09-26,East,Diana,Printer,1582.71
2024-09-27,North,Bob,Tablet,675.54
2024-09-27,East,Alice,Monitor,127.92
2024-09-27,East,Diana,Monitor,800.54
2024-09-27,West,Evan,Phone,243.61
2024-09-28,East,Bob,Monitor,1791.78
2024-09-28,East,Bob,Laptop,925.37
2024-09-29,South,Evan,Laptop,682.28
2024-09-29,West,Diana,Phone,868.6
2024-09-29,East,Evan,Monitor,1308.29
2024-09-29,East,Bob,Laptop,404.69
2024-09-30,West,Fiona,Laptop,360.58
2024-09-30,South,Charlie,Printer,1387.33
2024-10-01,West,Charlie,Tablet,1603.96
2024-10-01,West,Evan,Monitor,1432.17
2024-10-01,North,Diana,Laptop,1023.65
2024-10-03,East,Alice,Tablet,1672.26
2024-10-03,East,Bob,Tablet,1773.85
2024-10-03,West,Diana,Phone,1899.47
2024-10-03,East,Evan,Monitor,850.75
2024-10-03,West,Fiona,Monitor,772.2
2024-10-03,East,Charlie,Printer,1325.02
2024-10-04,East,Evan,Laptop,1265.25
2024-10-05,East,Evan,Laptop,1919.4
2024-10-05,West,Charlie,Laptop,1692.03
2024-10-06,East,Diana,Printer,1591.86
2024-10-06,East,Charlie,Phone,1465.06
2024-10-06,North,Diana,Monitor,1596.04
2024-10-06,North,Diana,Laptop,1045.33
2024-10-06,South,Fiona,Printer,1142.83
2024-10-07,West,Alice,Phone,1287.26
2024-10-07,North,Fiona,Monitor,626.32
2024-10-08,West,Diana,Printer,737.03
2024-10-08,West,Bob,Tablet,1548.65
2024-10-08,South,Alice,Phone,799.86
2024-10-09,West,Alice,Tablet,1702.93
2024-10-09,East,Diana,Laptop,488.2
2024-10-09,East,Bob,Printer,1770.45
2024-10-09,East,Evan,Phone,1432.22
2024-10-09,North,Charlie,Phone,711.17
2024-10-10,West,Fiona,Tablet,1538.89
2024-10-10,East,Diana,Phone,409.77
2024-10-10,South,Diana,Phone,1366.54
2024-10-10,East,Evan,Phone,258.75
2024-10-11,North,Charlie,Tablet,300.25
2024-10-11,North,Alice,Laptop,126.12
2024-10-11,South,Alice,Laptop,1424.56
2024-10-12,South,Charlie,Laptop,123.0
2024-10-12,South,Alice,Laptop,1260.04
2024-10-12,East,Bob,Laptop,1334.07
2024-10-12,East,Alice,Printer,716.57
2024-10-12,South,Diana,Monitor,1042.89
2024-10-14,West,Fiona,Monitor,682.88
2024-10-14,East,Evan,Monitor,347.15
2024-10-14,North,Alice,Monitor,1944.29
2024-10-15,North,Fiona,Phone,1843.22
2024-10-15,South,Alice,Tablet,1872.56
2024-10-15,East,Diana,Printer,1907.83
2024-10-15,South,Bob,Phone,1200.7
2024-10-15,West,Fiona,Phone,602.81
2024-10-16,North,Charlie,Laptop,1090.75
2024-10-16,West,Fiona,Printer,115.81
2024-10-18,East,Evan,Monitor,418.23
2024-10-18,East,Evan,Tablet,1702.32
2024-10-19,North,Diana,Laptop,559.6
2024-10-19,West,Evan,Laptop,916.97
2024-10-20,South,Evan,Printer,699.69
2024-10-20,West,Fiona,Tablet,1005.04
2024-10-20,East,Alice,Printer,1203.33
2024-10-20,South,Alice,Phone,1102.59
2024-10-21,West,Fiona,Phone,1171.74
2024-10-22,West,Alice,Printer,1019.75
2024-10-24,North,Bob,Tablet,1092.77
2024-10-25,East,Evan,Laptop,1589.14
2024-10-26,South,Alice,Phone,971.02
2024-10-26,East,Fiona,Laptop,1525.5
2024-10-27,North,Diana,Monitor,1688.62
2024-10-27,South,Charlie,Printer,1710.04
2024-10-27,East,Fiona,Phone,472.08
2024-10-28,South,Evan,Laptop,1344.83
2024-10-28,South,Alice,Phone,440.59
2024-10-29,West,Charlie,Phone,1982.29
2024-10-29,East,Diana,Tablet,601.72
2024-10-29,North,Alice,Monitor,719.88
2024-10-29,South,Diana,Monitor,1347.79
2024-10-30,East,Diana,Printer,856.21
2024-10-30,South,Evan,Printer,1937.01
2024-10-30,South,Evan,Laptop,1495.44
2024-10-30,West,Evan,Phone,1424.7
2024-10-30,North,Alice,Laptop,1651.88
2024-10-31,South,Alice,Printer,1347.84
2024-10-31,West,Evan,Laptop,1585.72
2024-11-01,South,Diana,Laptop,1548.37
2024-11-01,North,Bob,Printer,502.11
2024-11-01,West,Bob,Tablet,1319.3
2024-11-02,South,Fiona,Printer,1230.75
2024-11-02,West,Alice,Monitor,1847.11
2024-11-03,South,Charlie,Laptop,1227.0
2024-11-03,East,Evan,Tablet,1124.28
2024-11-03,West,Bob,Monitor,1235.57
2024-11-04,North,Diana,Printer,359.54
2024-11-05,South,Charlie,Printer,1328.27
2024-11-05,North,Fiona,Phone,1457.41
2024-11-06,North,Bob,Phone,1668.85
2024-11-06,South,Bob,Printer,615.08
2024-11-06,North,Bob,Printer,713.75
2024-11-07,North,Evan,Tablet,1162.21
2024-11-07,East,Diana,Tablet,1309.11
2024-11-07,South,Bob,Tablet,1742.85
2024-11-08,West,Diana,Printer,1742.42
2024-11-08,West,Fiona,Laptop,478.09
2024-11-09,East,Charlie,Printer,478.51
2024-11-09,East,Bob,Printer,1017.78
2024-11-09,West,Bob,Printer,574.92
2024-11-10,East,Charlie,Monitor,806.28
2024-11-10,North,Charlie,Printer,163.99
2024-11-10,West,Alice,Tablet,1907.75
2024-11-11,North,Bob,Laptop,1000.45
2024-11-11,West,Bob,Phone,1570.58
2024-11-11,South,Bob,Laptop,1301.34
2024-11-12,West,Fiona,Tablet,1331.8
2024-11-12,North,Diana,Laptop,1473.2
2024-11-12,West,Evan,Laptop,1739.69
2024-11-12,North,Charlie,Monitor,1593.79
2024-11-13,West,Alice,Laptop,452.01
2024-11-13,West,Diana,Printer,955.48
2024-11-13,West,Charlie,Monitor,778.53
2024-11-13,West,Diana,Laptop,325.15
2024-11-14,West,Diana,Laptop,500.51
2024-11-14,East,Alice,Monitor,1216.41
2024-11-15,South,Alice,Printer,393.54
2024-11-15,South,Fiona,Tablet,339.4
2024-11-15,East,Charlie,Laptop,868.15
2024-11-16,West,Bob,Monitor,627.92
2024-11-16,North,Alice,Laptop,1408.4
2024-11-17,West,Diana,Laptop,1157.89
2024-11-17,East,Diana,Tablet,440.79
2024-11-18,East,Alice,Phone,141.64
2024-11-18,South,Charlie,Tablet,1378.14
2024-11-18,West,Charlie,Phone,123.1
2024-11-19,North,Evan,Phone,278.18
2024-11-19,North,Diana,Laptop,1798.78
2024-11-20,East,Alice,Laptop,1511.47
2024-11-20,South,Diana,Laptop,488.89
2024-11-20,South,Bob,Phone,800.05
2024-11-21,South,Alice,Phone,246.26
2024-11-21,East,Bob,Laptop,473.64
2024-11-21,East,Diana,Laptop,1063.15
2024-11-21,North,Fiona,Monitor,970.81
2024-11-22,South,Diana,Monitor,1474.54
2024-11-22,North,Bob,Laptop,1584.51
2024-11-22,East,Charlie,Printer,1893.03
2024-11-23,West,Alice,Phone,114.9
2024-11-24,West,Evan,Tablet,1930.65
2024-11-25,East,Alice,Laptop,396.79
2024-11-25,East,Fiona,Monitor,422.77
2024-11-25,North,Bob,Monitor,206.73
2024-11-26,East,Diana,Phone,117.17
2024-11-26,East,Charlie,Printer,1348.97
2024-11-26,West,Alice,Monitor,1184.67
2024-11-26,East,Charlie,Tablet,882.72
2024-11-30,East,Evan,Tablet,1382.09
2024-11-30,North,Diana,Printer,101.24
2024-11-30,East,Alice,Laptop,1378.25
2024-11-30,East,Evan,Tablet,1628.39
2024-12-01,South,Evan,Tablet,963.26
2024-12-01,East,Diana,Laptop,1118.28
2024-12-02,East,Charlie,Monitor,610.27
2024-12-02,South,Diana,Phone,452.73
2024-12-03,West,Evan,Monitor,171.39
2024-12-03,North,Charlie,Phone,1964.12
2024-12-03,East,Fiona,Printer,1919.8
2024-12-03,West,Charlie,Tablet,1242.95
2024-12-04,North,Alice,Tablet,1001.08
2024-12-04,North,Charlie,Printer,558.92
2024-12-05,South,Charlie,Phone,1047.9
2024-12-05,East,Evan,Monitor,912.44
2024-12-05,West,Alice,Laptop,1563.3
2024-12-05,North,Evan,Monitor,1134.54
2024-12-05,South,Diana,Tablet,1238.67
2024-12-06,South,Fiona,Monitor,1428.0
2024-12-06,North,Fiona,Tablet,1252.79
2024-12-06,South,Diana,Printer,1444.05
2024-12-07,East,Fiona,Laptop,646.18
2024-12-07,North,Charlie,Laptop,866.84
2024-12-07,East,Bob,Phone,593.2
2024-12-07,South,Evan,Phone,770.62
2024-12-07,East,Diana,Laptop,581.22
2024-12-07,North,Alice,Laptop,536.24
2024-12-08,East,Charlie,Monitor,432.92
2024-12-09,East,Charlie,Printer,1503.34
2024-12-09,East,Evan,Printer,379.23
2024-12-10,North,Diana,Tablet,210.37
2024-12-10,South,Evan,Monitor,1282.59
2024-12-11,South,Fiona,Phone,677.49
2024-12-11,West,Evan,Tablet,338.55
2024-12-11,North,Bob,Laptop,129.25
2024-12-11,South,Bob,Laptop,157.05
2024-12-11,North,Fiona,Laptop,243.83
2024-12-11,North,Bob,Tablet,1417.87
2024-12-11,North,Fiona,Monitor,1722.19
2024-12-12,North,Alice,Phone,1458.69
2024-12-13,South,Diana,Printer,1627.25
2024-12-13,East,Bob,Tablet,784.81
2024-12-13,East,Bob,Tablet,1342.85
2024-12-13,South,Fiona,Phone,1859.77
2024-12-14,West,Charlie,Phone,496.88
2024-12-14,South,Bob,Laptop,877.88
2024-12-14,South,Bob,Monitor,1311.61
2024-12-14,South,Evan,Laptop,1739.02
2024-12-14,East,Charlie,Monitor,180.6
2024-12-15,West,Fiona,Monitor,368.32
2024-12-15,East,Diana,Monitor,832.64
2024-12-15,North,Fiona,Monitor,1442.6
2024-12-15,East,Alice,Monitor,629.42
2024-12-16,North,Evan,Printer,970.19
2024-12-16,North,Bob,Monitor,718.05
2024-12-17,East,Bob,Tablet,388.03
2024-12-17,North,Fiona,Printer,1208.06
2024-12-17,East,Bob,Monitor,1907.72
2024-12-19,West,Fiona,Tablet,1085.53
2024-12-20,West,Bob,Tablet,1938.75
2024-12-20,South,Fiona,Phone,694.52
2024-12-20,East,Diana,Printer,1521.88
2024-12-20,South,Alice,Tablet,1894.45
2024-12-22,North,Alice,Monitor,696.27
2024-12-22,East,Evan,Monitor,1663.67
2024-12-22,North,Diana,Laptop,684.81
2024-12-23,East,Evan,Tablet,1992.7
2024-12-23,North,Evan,Monitor,1524.96
2024-12-24,North,Charlie,Laptop,155.42
2024-12-24,North,Alice,Tablet,194.96
2024-12-25,West,Bob,Monitor,509.91
2024-12-25,South,Fiona,Monitor,1084.13
2024-12-25,East,Bob,Phone,1380.64
2024-12-25,East,Bob,Printer,342.95
2024-12-25,East,Evan,Laptop,392.01
2024-12-25,West,Fiona,Phone,244.85
2024-12-26,North,Bob,Laptop,934.5
2024-12-26,West,Diana,Phone,240.8
2024-12-28,South,Bob,Laptop,1170.48
2024-12-29,West,Evan,Tablet,336.3
2024-12-29,North,Fiona,Laptop,957.46
2024-12-30,East,Evan,Monitor,1294.01
2024-12-30,East,Alice,Laptop,433.43
2024-12-30,East,Evan,Phone,737.66
2024-12-30,South,Diana,Monitor,1384.45
2024-12-30,West,Bob,Phone,1419.82
2024-12-30,East,Evan,Tablet,499.96
2024-12-31,East,Bob,Phone,604.12
2024-12-31,East,Diana,Monitor,1632.66
